<?xml version="1.0" encoding="UTF-8" ?>
<!DOCTYPE mapper PUBLIC "-//mybatis.org//DTD Mapper 3.0//EN" "https://mybatis.org/dtd/mybatis-3-mapper.dtd">

<mapper namespace="com.example.SpringBootRestApiStudy.repositories.MembersRepository">
    <select id="read" resultType="Member">
        select * from members
    </select>
    <insert id="create" parameterType="Member">
        insert into members(name, age)
        values(#{name}, #{age})
    </insert>
    <delete id="delete" parameterType="Integer">
        delete from members
        where member_pk = #{memberPk}
    </delete>
    <update id="update">
        update members set name = #{member.name}, age = #{member.age}
        where member_pk = #{memberPk}
    </update>
</mapper>
