<?xml version="1.0" encoding="UTF-8" ?>
<!DOCTYPE mapper PUBLIC "-//mybatis.org//DTD Mapper 3.0//EN" "https://mybatis.org/dtd/mybatis-3-mapper.dtd">

<mapper namespace="com.example.SpringBootRestApiStudy.repositories.UsersRepository">
    <select id="read" resultType="User">
        select * from users
    </select>
    <insert id="create" parameterType="User">
        insert into users(name, age)
        values(#{name}, #{age})
    </insert>
    <delete id="delete" parameterType="Integer">
        delete from users
        where user_pk = #{userPk}
    </delete>
    <update id="update">
        update users set name = #{user.name}, age = #{user.age}
        where user_pk = #{userPk}
    </update>
</mapper>
